"","higher_taxon","Family","length_min","length_max","main_feeding_niche_ronquist","main_feeding_habitat_ronquist","in_IBA","n_otu","n_obs","reads"
"1","Blattodea","Blaberidae",2.5,75,NA,NA,TRUE,1,1,10
"2","Blattodea","Blattidae",18,45,NA,NA,TRUE,5,199,117936683
"3","Blattodea","Ectobiidae",8,18,NA,NA,TRUE,5,164,25282458
"4","Coleoptera","Brentidae",3,80,NA,NA,TRUE,13,105,348344
"5","Coleoptera","Melyridae",1,20,"Predator",NA,TRUE,18,116,290480
"6","Coleoptera","Ripiphoridae",2,38,NA,NA,TRUE,1,34,6013
"7","Diptera","Atelestidae",1.5,4,"Predator",NA,TRUE,2,8,4208
"8","Hemiptera","Flatidae",4,32,NA,NA,TRUE,1,3,34
"9","Hemiptera","Fulgoridae",4,100,NA,NA,TRUE,1,1,3
"10","Hymenoptera","Ichneumonidae",3,40,"Predator",NA,TRUE,3743,199,51514066
"11","Hymenoptera","Ichneumonidae",3,40,"Predator",NA,TRUE,3743,199,51514066
"12","Hymenoptera","Mymarommatidae",0.3,0.8,"Predator",NA,TRUE,3,22,762
"13","Hemiptera","Aphrophoridae",NA,NA,"Phytophagous","Plants",TRUE,15,118,862286
"14","Coleoptera","Apionidae",NA,NA,"Phytophagous","Plants",TRUE,21,78,77106
"15","Coleoptera","Malachiidae",NA,NA,"Predator","Plants",TRUE,4,22,88272
"16","Coleoptera","Rhynchitidae",NA,NA,"Phytophagous","Plants",TRUE,1,1,32
"17","Dermaptera","Spongiphoridae",NA,NA,"Saprophagous","Soil",TRUE,1,1,3659
"18","Dictyoptera","Blattidae",NA,NA,"Saprophagous","Temporary habitats",TRUE,5,199,117936683
"19","Diptera","Bolitophilidae",NA,NA,"Saprophagous","Fungi",TRUE,27,140,423776
"20","Diptera","Camillidae",NA,NA,"Saprophagous","Temporary habitats",TRUE,1,11,24086
"21","Diptera","Chamaemyiidae",NA,NA,"Predator","Plants",TRUE,31,134,778274
"22","Diptera","Cylindrotomidae",NA,NA,"Saprophagous","Soil",TRUE,4,62,151273
"23","Diptera","Diastatidae",NA,NA,"Saprophagous",NA,TRUE,12,93,88981
"24","Diptera","Ditomyiidae",NA,NA,"Saprophagous","Wood",TRUE,4,34,80304
"25","Diptera","Heleomyzidae",NA,NA,"Saprophagous","Temporary habitats",TRUE,97,199,28206919
"26","Diptera","Limoniidae",NA,NA,"Saprophagous","Soil",TRUE,208,196,20246950
"27","Diptera","Megamerinidae",NA,NA,"Predator","Wood",TRUE,1,7,5671
"28","Diptera","Opetiidae",NA,NA,"Saprophagous","Wood",TRUE,1,16,8239
"29","Diptera","Pediciidae",NA,NA,"Saprophagous","Soil",TRUE,16,145,2717211
"30","Diptera","Phaeomyiidae",NA,NA,"Saprophage-parasitoid","Soil",TRUE,1,4,19635
"31","Diptera","Tanypezidae",NA,NA,"Saprophagous","Wood",TRUE,1,3,730
"32","Hemiptera","Artheneidae",NA,NA,"Phytophagous","Plants",TRUE,1,5,3144
"33","Hemiptera","Blissidae",NA,NA,"Phytophagous","Plants",TRUE,1,8,4354
"34","Hemiptera","Cymidae",NA,NA,"Phytophagous","Plants",TRUE,2,10,423
"35","Hemiptera","Heterogastridae",NA,NA,"Phytophagous","Plants",TRUE,1,3,491
"36","Hemiptera","Rhyparochromidae",NA,NA,"Phytophagous","Plants",TRUE,38,148,1881626
"37","Hymenoptera","Dryinidae",NA,NA,"Phytophage-parasitoid","Plants",TRUE,102,168,637675
"38","Hymenoptera","Ormyridae",NA,NA,"Phytophage-parasitoid","Plants",TRUE,3,11,4997
"39","Hymenoptera","Signiphoridae",NA,NA,"Phytophage-parasitoid","Plants",TRUE,1,11,165
"40","Lepidoptera","Bedelliidae",NA,NA,"Phytophagous","Plants",TRUE,1,2,627
"41","Lepidoptera","Crambidae",NA,NA,"Phytophagous","Plants",TRUE,56,171,13078749
"42","Lepidoptera","Epermeniidae",NA,NA,"Phytophagous","Plants",TRUE,4,35,34429
"43","Lepidoptera","Erebidae",NA,NA,"Phytophagous","Plants",TRUE,49,140,6199358
"44","Lepidoptera","Lypusidae",NA,NA,"Phytophagous","Plants",TRUE,8,93,634252
"45","Lepidoptera","Nolidae",NA,NA,"Phytophagous","Plants",TRUE,8,32,193948
"46","Lepidoptera","Praydidae",NA,NA,"Phytophagous","Plants",TRUE,1,2,2966
"47","Lepidoptera","Schreckensteiniidae",NA,NA,"Phytophagous","Plants",TRUE,1,7,8506
"48","Lepidoptera","Scythrididae",NA,NA,"Phytophagous","Plants",TRUE,6,12,26224
"49","Lepidoptera","Stathmopodidae",NA,NA,"Phytophagous","Plants",TRUE,1,3,2798
"50","Hemiptera","Adelgidae",NA,NA,"Phytophagous","Plants",TRUE,5,34,1322
"51","Hemiptera","Aleyrodidae",NA,NA,"Phytophagous","Plants",TRUE,18,149,345416
"52","Hemiptera","Aphididae",NA,NA,"Phytophagous","Plants",TRUE,375,196,21396616
"53","Hemiptera","Phylloxeridae",NA,NA,"Phytophagous","Plants",TRUE,2,6,58
"54","Hemiptera","Psyllidae",NA,NA,"Phytophagous","Plants",TRUE,30,190,10645420
"55","Hemiptera","Triozidae",NA,NA,"Phytophagous","Plants",TRUE,19,171,2751333
"56","Collembola","Bourletiellidae",NA,NA,"Saprophagous","Plants",TRUE,62,136,1112848
"57","Collembola","Brachystomellidae",NA,NA,"Saprophagous","Soil",TRUE,1,7,2581
"58","Collembola","Dicyrtomidae",NA,NA,"Saprophagous","Soil",TRUE,72,148,11866206
"59","Collembola","Katiannidae",NA,NA,"Saprophagous","Soil",TRUE,19,84,80013
"60","Collembola","Sminthurididae",NA,NA,"Saprophagous","Soil",TRUE,9,35,1226
"61","Dictyoptera","Blaberidae",NA,NA,"Saprophagous","Temporary habitats",TRUE,1,1,10
"62","Hemiptera","Aphalaridae",NA,NA,"Phytophagous","Plants",TRUE,12,90,189670
"63","Hemiptera","Liviidae",NA,NA,"Phytophagous","Plants",TRUE,4,13,39565
"64","Hemiptera","Thyreocoridae",NA,NA,"Phytophagous","Soil",TRUE,1,5,99
"65","Coleoptera","Dasytidae",NA,NA,"Predator","Wood",TRUE,2,12,1983
"66","Coleoptera","Stenotrachelidae",NA,NA,"Saprophagous","Wood",TRUE,1,6,61061
"67","Coleoptera","Dryophthoridae",NA,NA,"Phytophagous","Plants",TRUE,1,3,60
"68","Coleoptera","Megalopodidae",NA,NA,"Phytophagous","Plants",TRUE,2,3,86
"69","Hymenoptera","Azotidae",NA,NA,"Phytophage-parasitoid","Plants",TRUE,1,3,17
"70","Entomobryomorpha","Entomobryidae",NA,NA,NA,NA,TRUE,216,199,624432224
"71","Diptera","Polleniidae",NA,NA,NA,NA,TRUE,13,180,60652668
"72","Opiliones","Phalangiidae",NA,NA,NA,NA,TRUE,27,177,51425132
"73","Entomobryomorpha","Orchesellidae",NA,NA,NA,NA,TRUE,18,184,105776530
"74","Psocodea","Caeciliusidae",NA,NA,NA,NA,TRUE,27,194,34606224
"75","Araneae","Anyphaenidae",NA,NA,NA,NA,TRUE,1,78,7396475
"76","Psocodea","Peripsocidae",NA,NA,NA,NA,TRUE,7,132,9970072
"77","Psocodea","Stenopsocidae",NA,NA,NA,NA,TRUE,5,178,16930131
"78","Symphypleona","Dicyrtomidae",NA,NA,NA,NA,TRUE,72,148,11866206
"79","Symphypleona","Sminthuridae",NA,NA,NA,NA,TRUE,11,148,6331053
"80","Psocodea","Elipsocidae",NA,NA,NA,NA,TRUE,6,156,5278878
"81","Araneae","Tetragnathidae",NA,NA,NA,NA,TRUE,16,149,13012103
"82","Psocodea","Paracaeciliidae",NA,NA,NA,NA,TRUE,1,100,2229687
"83","Opiliones","Sclerosomatidae",NA,NA,NA,NA,TRUE,10,62,3409052
"84","Entomobryomorpha","Tomoceridae",NA,NA,NA,NA,TRUE,25,117,11148344
"85","Entomobryomorpha","Isotomidae",NA,NA,NA,NA,TRUE,118,152,5812188
"86","Psocodea","Psocidae",NA,NA,NA,NA,TRUE,17,162,7633303
"87","Psocodea","Mesopsocidae",NA,NA,NA,NA,TRUE,6,141,3568510
"88","Araneae","Linyphiidae",NA,NA,NA,NA,TRUE,186,197,12018009
"89","Araneae","Clubionidae",NA,NA,NA,NA,TRUE,21,168,9783209
"90","Araneae","Philodromidae",NA,NA,NA,NA,TRUE,22,168,7320133
"91","Araneae","Araneidae",NA,NA,NA,NA,TRUE,86,173,6980636
"92","Isopoda","Philosciidae",NA,NA,NA,NA,TRUE,6,35,976029
"93","Araneae","Theridiidae",NA,NA,NA,NA,TRUE,41,175,5494591
"94","Trombidiformes","Bdellidae",NA,NA,NA,NA,TRUE,21,170,1154088
"95","Psocodea","Ectopsocidae",NA,NA,NA,NA,TRUE,5,38,2339778
"96","Psocodea","Amphipsocidae",NA,NA,NA,NA,TRUE,1,110,2541398
"97","Psocodea","Trogiidae",NA,NA,NA,NA,TRUE,6,98,1147380
"98","Psocodea","Lachesillidae",NA,NA,NA,NA,TRUE,4,118,1587210
"99","Sarcoptiformes","Oribatulidae",NA,NA,NA,NA,TRUE,27,146,1302630
"100","Trombidiformes","Anystidae",NA,NA,NA,NA,TRUE,18,186,3407785
"101","Psocodea","Philotarsidae",NA,NA,NA,NA,TRUE,2,74,577166
"102","Araneae","Dictynidae",NA,NA,NA,NA,TRUE,10,104,678871
"103","Mesostigmata","Ascidae",NA,NA,NA,NA,TRUE,30,176,641899
"104","Araneae","Amaurobiidae",NA,NA,NA,NA,TRUE,2,36,425969
"105","Trombidiformes","Erythraeidae",NA,NA,NA,NA,TRUE,52,173,1935285
"106","Crassiclitellata","Lumbricidae",NA,NA,NA,NA,TRUE,42,142,1173228
"107","Sarcoptiformes","Galumnidae",NA,NA,NA,NA,TRUE,11,68,967402
"108","Poduromorpha","Neanuridae",NA,NA,NA,NA,TRUE,52,58,497836
"109","Lithobiomorpha","Lithobiidae",NA,NA,NA,NA,TRUE,20,32,425410
"110","Araneae","Pisauridae",NA,NA,NA,NA,TRUE,4,68,1370138
"111","Mesostigmata","Parasitidae",NA,NA,NA,NA,TRUE,35,184,1215062
"112","Araneae","Agelenidae",NA,NA,NA,NA,TRUE,4,25,307461
"113","Araneae","Sparassidae",NA,NA,NA,NA,TRUE,3,20,389482
"114","Poduromorpha","Hypogastruridae",NA,NA,NA,NA,TRUE,27,121,529033
"115","Araneae","Miturgidae",NA,NA,NA,NA,TRUE,3,34,411164
"116","Soricomorpha","Soricidae",NA,NA,NA,NA,TRUE,2,23,133278
"117","Trombidiformes","Trombidiidae",NA,NA,NA,NA,TRUE,15,113,391015
"118","Sarcoptiformes","Humerobatidae",NA,NA,NA,NA,TRUE,2,88,346427
"119","Symphypleona","Bourletiellidae",NA,NA,NA,NA,TRUE,62,136,1112848
"120","Trombidiformes","Rhagidiidae",NA,NA,NA,NA,TRUE,22,111,308605
"121","Araneae","Cybaeidae",NA,NA,NA,NA,TRUE,2,58,170001
"122","Araneae","Lycosidae",NA,NA,NA,NA,TRUE,29,137,293729
"123","Araneae","Gnaphosidae",NA,NA,NA,NA,TRUE,35,80,354055
"124","Trombidiformes","Eupodidae",NA,NA,NA,NA,TRUE,75,153,213224
"125","Isopoda","Porcellionidae",NA,NA,NA,NA,TRUE,14,27,131494
"126","Mesostigmata","Melicharidae",NA,NA,NA,NA,TRUE,7,109,71722
"127","Araneae","Segestriidae",NA,NA,NA,NA,TRUE,1,34,177153
"128","Stylommatophora","Helicidae",NA,NA,NA,NA,TRUE,8,41,190374
"129","Isopoda","Armadillidiidae",NA,NA,NA,NA,TRUE,10,45,80886
"130","Araneae","Salticidae",NA,NA,NA,NA,TRUE,27,183,201713
"131","Trombidiformes","Tydeidae",NA,NA,NA,NA,TRUE,73,155,62844
"132","Araneae","Thomisidae",NA,NA,NA,NA,TRUE,25,178,232828
"133","Rodentia","Muridae",NA,NA,NA,NA,TRUE,7,48,44338
"134","Araneae","Cheiracanthiidae",NA,NA,NA,NA,TRUE,3,23,97332
"135","Symphypleona","Katiannidae",NA,NA,NA,NA,TRUE,19,84,80013
"136","Julida","Julidae",NA,NA,NA,NA,TRUE,10,33,33881
"137","Chordeumatida","Craspedosomatidae",NA,NA,NA,NA,TRUE,1,14,29951
"138","Sarcoptiformes","Chamobatidae",NA,NA,NA,NA,TRUE,4,40,66249
"139","Trombidiformes","Microtrombidiidae",NA,NA,NA,NA,TRUE,23,141,122407
"140","Artiodactyla","Cervidae",NA,NA,NA,NA,TRUE,7,92,22968
"141","Trombidiformes","Scutacaridae",NA,NA,NA,NA,TRUE,26,124,30130
"142","Trombidiformes","Calyptostomatidae",NA,NA,NA,NA,TRUE,3,16,25195
"143","Julida","Nemasomatidae",NA,NA,NA,NA,TRUE,1,6,21505
"144","Stylommatophora","Arionidae",NA,NA,NA,NA,TRUE,3,15,20044
"145","Araneae","Liocranidae",NA,NA,NA,NA,TRUE,4,22,34517
"146","Psocodea","Epipsocidae",NA,NA,NA,NA,TRUE,7,19,26929
"147","Polyxenida","Polyxenidae",NA,NA,NA,NA,TRUE,5,20,27138
"148","Squamata_X","Lacertidae",NA,NA,NA,NA,TRUE,2,14,21316
"149","Mesostigmata","Digamasellidae",NA,NA,NA,NA,TRUE,21,163,70893
"150","Sarcoptiformes","Ceratozetidae",NA,NA,NA,NA,TRUE,11,73,17758
"151","Geophilomorpha","Geophilidae",NA,NA,NA,NA,TRUE,3,5,13427
"152","Psocodea","Trichopsocidae",NA,NA,NA,NA,TRUE,1,6,15446
"153","Polydesmida","Polydesmidae",NA,NA,NA,NA,TRUE,6,8,18086
"154","Primates","Hominidae",NA,NA,NA,NA,TRUE,1,177,44840
"155","Mesostigmata","Blattisociidae",NA,NA,NA,NA,TRUE,13,43,21889
"156","Peronosporales","Peronosporaceae",NA,NA,NA,NA,TRUE,108,152,48161
"157","Mesostigmata","Halolaelapidae",NA,NA,NA,NA,TRUE,7,109,65319
"158","Sarcoptiformes","Cymbaeremaeidae",NA,NA,NA,NA,TRUE,4,85,21947
"159","Psocodea","Liposcelididae",NA,NA,NA,NA,TRUE,7,54,19950
"160","Trombidiformes","Hydryphantidae",NA,NA,NA,NA,TRUE,13,66,19578
"161","Trombidiformes","Hydrodromidae",NA,NA,NA,NA,TRUE,5,41,18925
"162","Diptera","Drosdophilidae",NA,NA,NA,NA,TRUE,5,20,22369
"163","Artiodactyla","Suidae",NA,NA,NA,NA,TRUE,1,107,10483
"164","Julida","Blaniulidae",NA,NA,NA,NA,TRUE,1,8,6744
"165","Trombidiformes","Pygmephoridae",NA,NA,NA,NA,TRUE,37,158,27011
"166","Mesostigmata","Macrochelidae",NA,NA,NA,NA,TRUE,10,55,21428
"167","Mesostigmata","Phytoseiidae",NA,NA,NA,NA,TRUE,43,133,48000
"168","Mesostigmata","Laelapidae",NA,NA,NA,NA,TRUE,13,132,20507
"169","Sarcoptiformes","Phenopelopidae",NA,NA,NA,NA,TRUE,2,2,4813
"170","Sarcoptiformes","Damaeidae",NA,NA,NA,NA,TRUE,21,78,14943
"171","Trombidiformes","Arrenuridae",NA,NA,NA,NA,TRUE,21,40,20638
"172","Isopoda","Oniscidae",NA,NA,NA,NA,TRUE,6,18,4550
"173","Araneae","Uloboridae",NA,NA,NA,NA,TRUE,1,3,3827
"174","Hymenoptera","Eumenidae",NA,NA,NA,NA,TRUE,11,47,9292
"175","Diptera","Cypselosomatidae",NA,NA,NA,NA,TRUE,1,13,5013
"176","Opiliones","Nemastomatidae",NA,NA,NA,NA,TRUE,5,11,7294
"177","Sarcoptiformes","Crotoniidae",NA,NA,NA,NA,TRUE,12,56,10220
"178","Trombidiformes","Cryptognathidae",NA,NA,NA,NA,TRUE,1,8,4878
"179","Sarcoptiformes","Micreremidae",NA,NA,NA,NA,TRUE,2,55,4476
"180","Artiodactyla","Bovidae",NA,NA,NA,NA,TRUE,3,71,2814
"181","Sarcoptiformes","Hemileiidae",NA,NA,NA,NA,TRUE,3,158,18182
"182","Pseudoscorpiones","Neobisiidae",NA,NA,NA,NA,TRUE,3,8,4747
"183","Diptera","Ragadidae",NA,NA,NA,NA,TRUE,2,21,3878
"184","Sarcoptiformes","Oribatellidae",NA,NA,NA,NA,TRUE,6,28,3076
"185","Araneae","Mimetidae",NA,NA,NA,NA,TRUE,2,9,5809
"186","Gastropoda_X","Planorbidae",NA,NA,NA,NA,TRUE,1,1,1851
"187","Carnivora","Canidae",NA,NA,NA,NA,TRUE,2,66,2765
"188","Sarcoptiformes","Liacaridae",NA,NA,NA,NA,TRUE,4,23,3030
"189","Trombidiformes","Sperchontidae",NA,NA,NA,NA,TRUE,6,15,1839
"190","Rodentia","Cricetidae",NA,NA,NA,NA,TRUE,6,43,3052
"191","Sarcoptiformes","Acaridae",NA,NA,NA,NA,TRUE,21,92,3865
"192","Galliformes","Phasianidae",NA,NA,NA,NA,TRUE,6,66,2343
"193","Poduromorpha","Brachystomellidae",NA,NA,NA,NA,TRUE,1,7,2581
"194","Hymenoptera","Masaridae",NA,NA,NA,NA,TRUE,6,70,2103
"195","Araneae","Phrurolithidae",NA,NA,NA,NA,TRUE,1,5,5082
"196","Trombidiformes","Lebertiidae",NA,NA,NA,NA,TRUE,13,30,2484
"197","Araneae","Hahniidae",NA,NA,NA,NA,TRUE,4,6,1013
"198","Trombidiformes","Pionidae",NA,NA,NA,NA,TRUE,17,35,4665
"199","Sarcoptiformes","Trhypochthoniidae",NA,NA,NA,NA,TRUE,1,5,892
"200","Sarcoptiformes","Ameronothridae",NA,NA,NA,NA,TRUE,1,10,887
"201","Tricladida","Geoplanidae",NA,NA,NA,NA,TRUE,3,5,948
"202","Diptera","Canthyloscelididae",NA,NA,NA,NA,TRUE,1,13,1576
"203","Mesostigmata","Eviphididae",NA,NA,NA,NA,TRUE,3,25,2774
"204","Passeriformes","Fringillidae",NA,NA,NA,NA,TRUE,5,30,2500
"205","Stylommatophora","Truncatellinidae",NA,NA,NA,NA,TRUE,2,14,1355
"206","Sarcoptiformes","Alycidae",NA,NA,NA,NA,TRUE,1,11,1385
"207","Columbiformes","Columbidae",NA,NA,NA,NA,TRUE,2,11,1219
"208","Sarcoptiformes","Neoliodidae",NA,NA,NA,NA,TRUE,2,10,1132
"209","Parachela","Macrobiotidae",NA,NA,NA,NA,TRUE,12,21,1229
"210","Trombidiformes","Teutoniidae",NA,NA,NA,NA,TRUE,1,8,751
"211","Perciformes","Zoarcidae",NA,NA,NA,NA,TRUE,57,146,7752
"212","Sarcoptiformes","Scheloribatidae",NA,NA,NA,NA,TRUE,19,78,2491
"213","Sarcoptiformes","Carabodidae",NA,NA,NA,NA,TRUE,5,29,1974
"214","Trombidiformes","Triophtydeidae",NA,NA,NA,NA,TRUE,12,77,2425
"215","Hymenoptera","Megastigmidae",NA,NA,NA,NA,TRUE,3,10,973
"216","Anura","Bufonidae",NA,NA,NA,NA,TRUE,1,7,521
"217","Trombidiformes","Hygrobatidae",NA,NA,NA,NA,TRUE,12,34,2299
"218","Mesostigmata","Microgyniidae",NA,NA,NA,NA,TRUE,1,52,1259
"219","Passeriformes","Sylviidae",NA,NA,NA,NA,TRUE,4,6,521
"220","Sarcoptiformes","Pyroglyphidae",NA,NA,NA,NA,TRUE,2,12,481
"221","Pseudoscorpiones","Chernetidae",NA,NA,NA,NA,TRUE,4,12,699
"222","Psocodea","Psyllipsocidae",NA,NA,NA,NA,TRUE,1,22,450
"223","Trombidiformes","Anisitsiellidae",NA,NA,NA,NA,TRUE,1,9,456
"224","Trombidiformes","Iolinidae",NA,NA,NA,NA,TRUE,1,19,850
"225","Isopoda","Trachelipodidae",NA,NA,NA,NA,TRUE,3,13,803
"226","Passeriformes","Corvidae",NA,NA,NA,NA,TRUE,7,21,736
"227","Enchytraeida","Enchytraeidae",NA,NA,NA,NA,TRUE,27,90,2443
"228","Parachela","Hypsibiidae",NA,NA,NA,NA,TRUE,12,41,1597
"229","Trombidiformes","Tarsonemidae",NA,NA,NA,NA,TRUE,17,56,2043
"230","Peronosporales","Pythiaceae",NA,NA,NA,NA,TRUE,25,38,1059
"231","Mesostigmata","Urodinychidae",NA,NA,NA,NA,TRUE,4,35,997
"232","Mesostigmata","Ameroseiidae",NA,NA,NA,NA,TRUE,3,24,1832
"233","Symphypleona","Sminthurididae",NA,NA,NA,NA,TRUE,9,35,1226
"234","Carnivora","Felidae",NA,NA,NA,NA,TRUE,2,23,580
"235","Sarcoptiformes","Nanorchestidae",NA,NA,NA,NA,TRUE,12,42,1194
"236","Sphaeriida","Sphaeriidae",NA,NA,NA,NA,TRUE,1,1,289
"237","Sarcoptiformes","Eremaeidae",NA,NA,NA,NA,TRUE,4,7,675
"238","Anura","Ranidae",NA,NA,NA,NA,TRUE,2,11,276
"239","Mesostigmata","Dinychidae",NA,NA,NA,NA,TRUE,3,6,474
"240","Gruiformes","Gruidae",NA,NA,NA,NA,TRUE,1,6,278
"241","Stylommatophora","Agriolimacidae",NA,NA,NA,NA,TRUE,1,4,280
"242","Trombidiformes","Smarididae",NA,NA,NA,NA,TRUE,1,10,364
"243","Trombidiformes","Unionicolidae",NA,NA,NA,NA,TRUE,9,22,1471
"244","Albuginales","Albuginaceae",NA,NA,NA,NA,TRUE,1,21,250
"245","Salmoniformes","Salmonidae",NA,NA,NA,NA,TRUE,5,19,535
"246","Coleoptera","Rhadalidae",NA,NA,NA,NA,TRUE,18,59,585
"247","Trombidiformes","Johnstonianidae",NA,NA,NA,NA,TRUE,2,8,258
"248","Stylommatophora","Limacidae",NA,NA,NA,NA,TRUE,2,3,222
"249","Squamata_X","Viperidae",NA,NA,NA,NA,TRUE,1,1,175
"250","Araneae","Oxyopidae",NA,NA,NA,NA,TRUE,1,1,174
"251","Trombidiformes","Stigmaeidae",NA,NA,NA,NA,TRUE,5,7,375
"252","Sarcoptiformes","Oppiidae",NA,NA,NA,NA,TRUE,17,31,1000
"253","Apochela","Milnesiidae",NA,NA,NA,NA,TRUE,5,10,301
"254","Rodentia","Sciuridae",NA,NA,NA,NA,TRUE,1,15,162
"255","Ceramiales","Rhodomelaceae",NA,NA,NA,NA,TRUE,1,1,130
"256","Trombidiformes","Mideopsidae",NA,NA,NA,NA,TRUE,2,9,167
"257","Trombidiformes","Demodecidae",NA,NA,NA,NA,TRUE,3,21,396
"258","Hymenoptera","Orussusidae",NA,NA,NA,NA,TRUE,1,1,119
"259","Accipitriformes","Accipitridae",NA,NA,NA,NA,TRUE,2,5,145
"260","Sarcoptiformes","Phthiracaridae",NA,NA,NA,NA,TRUE,10,23,555
"261","Trombidiformes","Penthaleidae",NA,NA,NA,NA,TRUE,1,3,192
"262","Trombidiformes","Cunaxidae",NA,NA,NA,NA,TRUE,19,48,676
"263","Passeriformes","Phylloscopidae",NA,NA,NA,NA,TRUE,2,8,220
"264","Trombidiformes","Ereynetidae",NA,NA,NA,NA,TRUE,5,15,200
"265","Sarcoptiformes","Punctoribatidae",NA,NA,NA,NA,TRUE,2,15,318
"266","Suliformes","Phalacrocoracidae",NA,NA,NA,NA,TRUE,1,2,120
"267","Poduromorpha","Onychiuridae",NA,NA,NA,NA,TRUE,7,9,133
"268","Gadiformes","Gadidae",NA,NA,NA,NA,TRUE,2,10,132
"269","Sarcoptiformes","Cepheusidae",NA,NA,NA,NA,TRUE,2,6,218
"270","Trombidiformes","Limnesiidae",NA,NA,NA,NA,TRUE,2,5,216
"271","Trombidiformes","Wettinidae",NA,NA,NA,NA,TRUE,1,1,92
"272","Ixodida","Ixodidae",NA,NA,NA,NA,TRUE,1,9,167
"273","Stylommatophora","Vitrinidae",NA,NA,NA,NA,TRUE,1,1,72
"274","Passeriformes","Paridae",NA,NA,NA,NA,TRUE,3,5,114
"275","Mesostigmata","Zerconidae",NA,NA,NA,NA,TRUE,1,2,68
"276","Lumbriculida","Lumbriculidae",NA,NA,NA,NA,TRUE,3,5,118
"277","Diplostraca","Daphniidae",NA,NA,NA,NA,TRUE,3,21,157
"278","Saprolegniales","Leptolegniaceae",NA,NA,NA,NA,TRUE,3,5,91
"279","Symphyla_X","Scutigerellidae",NA,NA,NA,NA,TRUE,2,2,76
"280","Sarcoptiformes","Tectocepheidae",NA,NA,NA,NA,TRUE,3,5,108
"281","Trombidiformes","Torrenticolidae",NA,NA,NA,NA,TRUE,3,12,290
"282","Falconiformes","Falconidae",NA,NA,NA,NA,TRUE,1,2,54
"283","Neelipleona","Neelidae",NA,NA,NA,NA,TRUE,7,15,251
"284","Apodiformes","Apodidae",NA,NA,NA,NA,TRUE,1,2,54
"285","Cypriniformes","Cyprinidae",NA,NA,NA,NA,TRUE,3,13,129
"286","Mesostigmata","Uropodidae",NA,NA,NA,NA,TRUE,2,2,90
"287","Charadriiformes","Scolopacidae",NA,NA,NA,NA,TRUE,1,5,63
"288","Podocopida","Cyprididae",NA,NA,NA,NA,TRUE,2,1,53
"289","Araneae","Pholcidae",NA,NA,NA,NA,TRUE,2,7,52
"290","Passeriformes","Prunellidae",NA,NA,NA,NA,TRUE,1,3,44
"291","Passeriformes","Sittidae",NA,NA,NA,NA,TRUE,1,2,42
"292","Mesostigmata","Varroidae",NA,NA,NA,NA,TRUE,1,1,41
"293","Passeriformes","Passeridae",NA,NA,NA,NA,TRUE,2,4,74
"294","Parachela","Isohypsibiidae",NA,NA,NA,NA,TRUE,2,10,95
"295","Cyclopoida","Cyclopidae",NA,NA,NA,NA,TRUE,1,1,39
"296","Squamata_X","Colubridae",NA,NA,NA,NA,TRUE,1,2,38
"297","Carnivora","Ursidae",NA,NA,NA,NA,TRUE,1,10,48
"298","Sarcoptiformes","Astegistidae",NA,NA,NA,NA,TRUE,2,4,85
"299","Sarcoptiformes","Liebstadiidae",NA,NA,NA,NA,TRUE,3,11,100
"300","Passeriformes","Muscicapidae",NA,NA,NA,NA,TRUE,4,13,135
"301","Diplostraca","Moinidae",NA,NA,NA,NA,TRUE,2,6,51
"302","Tubificida","Naididae",NA,NA,NA,NA,TRUE,9,7,117
"303","Poduromorpha","Tullbergiidae",NA,NA,NA,NA,TRUE,2,2,57
"304","Trombidiformes","Cheyletidae",NA,NA,NA,NA,TRUE,4,6,65
"305","Sarcoptiformes","Brachychthoniidae",NA,NA,NA,NA,TRUE,5,7,70
"306","Sarcoptiformes","Malaconothridae",NA,NA,NA,NA,TRUE,1,2,28
"307","Rhabditida","Onchocercidae",NA,NA,NA,NA,TRUE,3,5,55
"308","Soricomorpha","Talpidae",NA,NA,NA,NA,TRUE,1,1,27
"309","Mesostigmata","Trematuridae",NA,NA,NA,NA,TRUE,3,4,66
"310","Sarcoptiformes","Parakalummidae",NA,NA,NA,NA,TRUE,1,2,29
"311","Clupeiformes","Clupeidae",NA,NA,NA,NA,TRUE,1,2,64
"312","Caudata","Salamandridae",NA,NA,NA,NA,TRUE,3,5,50
"313","Perciformes","Percidae",NA,NA,NA,NA,TRUE,1,4,39
"314","Passeriformes","Regulidae",NA,NA,NA,NA,TRUE,1,3,21
"315","Passeriformes","Emberizidae",NA,NA,NA,NA,TRUE,2,3,38
"316","Sarcoptiformes","Hypochthoniidae",NA,NA,NA,NA,TRUE,1,2,21
"317","Sarcoptiformes","Nothridae",NA,NA,NA,NA,TRUE,2,4,41
"318","Trombidiformes","Eriophyidae",NA,NA,NA,NA,TRUE,4,15,79
"319","Sarcoptiformes","Peloppiidae",NA,NA,NA,NA,TRUE,1,4,38
"320","Passeriformes","Sturnidae",NA,NA,NA,NA,TRUE,1,1,19
"321","Trombidiformes","Athienemanniidae",NA,NA,NA,NA,TRUE,1,1,18
"322","Trombidiformes","Feltriidae",NA,NA,NA,NA,TRUE,1,1,18
"323","Anseriformes","Anatidae",NA,NA,NA,NA,TRUE,3,5,41
"324","Sarcoptiformes","Suctobelbidae",NA,NA,NA,NA,TRUE,4,5,37
"325","Echiniscoidea","Echiniscidae",NA,NA,NA,NA,TRUE,1,1,16
"326","Trombidiformes","Oxidae",NA,NA,NA,NA,TRUE,1,3,16
"327","Polychaeta_X","Capitellidae",NA,NA,NA,NA,TRUE,1,1,16
"328","Stylommatophora","Succineidae",NA,NA,NA,NA,TRUE,1,1,16
"329","Carnivora","Mustelidae",NA,NA,NA,NA,TRUE,2,4,33
"330","Rhabditida","Spirocercidae",NA,NA,NA,NA,TRUE,1,1,15
"331","Isopoda","Trichoniscidae",NA,NA,NA,NA,TRUE,1,1,15
"332","Gastrotricha_XX","Chaetonotidae",NA,NA,NA,NA,TRUE,2,2,20
"333","Trombidiformes","Aturidae",NA,NA,NA,NA,TRUE,1,3,32
"334","Diplostraca","Chydoridae",NA,NA,NA,NA,TRUE,1,1,15
"335","Sarcoptiformes","Hemisarcoptidae",NA,NA,NA,NA,TRUE,3,4,49
"336","Sarcoptiformes","Compactozetidae",NA,NA,NA,NA,TRUE,1,2,14
"337","Mesostigmata","Dermanyssidae",NA,NA,NA,NA,TRUE,2,5,33
"338","Passeriformes","Turdidae",NA,NA,NA,NA,TRUE,1,4,40
"339","Strigiformes","Strigidae",NA,NA,NA,NA,TRUE,1,1,13
"340","Sarcoptiformes","Licneremaeidae",NA,NA,NA,NA,TRUE,1,1,12
"341","Anostraca","Artemiidae",NA,NA,NA,NA,TRUE,1,1,12
"342","Trombidiformes","Trombiculidae",NA,NA,NA,NA,TRUE,1,5,38
"343","Artiodactyla","Camelidae",NA,NA,NA,NA,TRUE,2,1,16
"344","Sarcoptiformes","Hermanniidae",NA,NA,NA,NA,TRUE,1,1,11
"345","Passeriformes","Motacillidae",NA,NA,NA,NA,TRUE,1,1,11
"346","Lagomorpha","Leporidae",NA,NA,NA,NA,TRUE,2,2,19
"347","Perissodactyla","Equidae",NA,NA,NA,NA,TRUE,1,2,17
"348","Dorylaimida","Longidoridae",NA,NA,NA,NA,TRUE,1,1,11
"349","Passeriformes","Tyrannidae",NA,NA,NA,NA,TRUE,1,1,11
"350","Mesostigmata","Pachylaelapidae",NA,NA,NA,NA,TRUE,1,1,10
"351","Saprolegniales","Saprolegniaceae",NA,NA,NA,NA,TRUE,1,2,13
"352","Sarcoptiformes","Carpoglyphidae",NA,NA,NA,NA,TRUE,1,1,8
"353","Sarcoptiformes","Euphthiracaridae",NA,NA,NA,NA,TRUE,1,1,7
"354","Trombidiformes","Phytoptidae",NA,NA,NA,NA,TRUE,2,2,13
"355","Stylommatophora","Valloniidae",NA,NA,NA,NA,TRUE,1,1,7
"356","Scorpaeniformes","Cottidae",NA,NA,NA,NA,TRUE,1,1,7
"357","Sarcoptiformes","Xenillidae",NA,NA,NA,NA,TRUE,1,1,6
"358","Passeriformes","Laniidae",NA,NA,NA,NA,TRUE,1,1,6
"359","Esociformes","Esocidae",NA,NA,NA,NA,TRUE,1,1,6
"360","Passeriformes","Bombycillidae",NA,NA,NA,NA,TRUE,1,1,6
"361","Anthoathecata","Hydridae",NA,NA,NA,NA,TRUE,1,1,6
"362","Stylommatophora","Cochlicopidae",NA,NA,NA,NA,TRUE,1,1,6
"363","Passeriformes","Hirundinidae",NA,NA,NA,NA,TRUE,1,1,6
"364","Sarcoptiformes","Proctophyllodidae",NA,NA,NA,NA,TRUE,1,1,5
"365","Diplostraca","Eurycercidae",NA,NA,NA,NA,TRUE,1,1,5
"366","Rhabditida","Neotylenchidae",NA,NA,NA,NA,TRUE,1,1,5
"367","Sarcoptiformes","Scutoverticidae",NA,NA,NA,NA,TRUE,1,1,5
"368","Decapoda","Astacidae",NA,NA,NA,NA,TRUE,2,3,11
"369","Gasterosteiformes","Gasterosteidae",NA,NA,NA,NA,TRUE,1,1,4
"370","Unionida","Unionidae",NA,NA,NA,NA,TRUE,1,1,4
"371","Stylommatophora","Euconulidae",NA,NA,NA,NA,TRUE,1,1,3
"372","Stylommatophora","Hygromiidae",NA,NA,NA,NA,TRUE,1,1,3
"373","Mesostigmata","Polyaspididae",NA,NA,NA,NA,TRUE,1,1,3
